SID,Had Timing Objection,Timing Objection Index
CA77596bc061516d795f6a60fbd274cb0e,False,None
CAd8395ea9fec545909e633bba6a8eb643,False,None
CAf15429ca373443cd6a6a88573fe16f98,True,9
CA631c8faf6571f057e34bc12073da9f9c,False,None
CAbb4454527ef392d377ffd37a5bb00669,True,35
CA535b77a335e9d2cd49c0158215b96133,False,None
CA0743a83ac2201dee96cc9e2a1aa46822,False,None
CAbb5fdfc5cb508b56159a0368c1084ae5,True,13
CA510e1eba5f57de76f2d56aca80f55d01,False,None
CA381ff4448f5daef83ff785cffcf5a0c4,False,None
CAdff6d1b36a11d8e930c0b67588536768,True,7
CA69b663995d446ef40f014bd301e36683,False,None
CAe2e50d84d0f08819874ae16dc865643e,True,53
CA250ad5d1d10121920ad7679a65452105,False,None
CAf723e115d64b224b8c88650bdac2919f,False,None
CAfd5dd1a208651485bc5bc0b85f0555da,False,None
CA0688a9608e869c3d1d9dcef731adc333,True,27
CA5afa0c68f01890149d022ce5b4ea69bc,False,None
CA5021e7b98b4d8af30ee3e22790a4a1a5,False,None
CAb91afa254ef65b0d75c24e16edd9c4b7,False,None
CA5bc587505baec174ba3255e2c7f8fed4,True,7
CA6f4022eb09430b77b98527e8cd211b5c,False,None
CAab015b2fbfb016b016c31bacedb41341,False,None
CAb3729aa6ae813065f883358b3c6180dd,False,None
CA7efa404a3c476db0a01bfba9fd55547b,False,None
CA4cd251c95bfeaf011a04156b7ca88753,True,24
CA91650591a68e7061c97502f091c79a9c,True,15
CAf2332ce740ecc78216005d87a4bc999e,False,None
CAadb37a09349b154a50788e7d4de7772c,False,None
CA29586cf8d5f649681ef0ffbb77e2f0de,True,7
CA511a8d9a57eb2009158ba5f5392ea749,True,17
CAac8b0f081440ef01768a843dec18af06,True,7
CA65534d13cd1628b47ea818ef005851f1,False,None
CA8a36bd2f4ae5e44bffdab5d1e5b90166,False,None
CA61f88b2ac73eb75e20e3742450c3a8e5,False,None
CAee42cd9ff5b1e36b6cabde29e7d269eb,False,None
CA5d0db7a7ba3b85b49821972bb0196099,False,None
CA181c3512c11d550277cfbe8541a7a508,True,29
CA2ba1944425a7f50b2a0150176b1a5fc4,False,None
CAb40a98680396585e00fedc42fbf9917f,False,None
CAa2ff1d62493d88d4742b0f35a3a34254,False,None
CA7a55a233fc8adf71ac3915986b339869,False,None
CA1f3779eff304d9ee6d6c4633118e2bb5,False,None
CA9525f96883e9a80ccf5eb36daf28475e,True,11
CAdfcccd2b496eb5a570381e95d846a1d5,False,None
CAd861dc0e735804e0ce5554892523ebbb,False,None
CA92251dee6e10f70af3a2953367be0574,False,None
CA27cdb56c930d1d3c752a89bb3e7bd431,False,None
CA3bdf6fdad41ba956ca3e3ae912b9615d,False,None
CA58cfa0d668816abbe270a2197e54cdb0,True,21
CA164620211964a030c8ff5712921f1a42,False,None
CA5778d774f37235be94d87b1c959d4c47,True,5
CA0e8641c78ff34052c5771c675f1a24c1,True,15
CAc558993192e3bffdea6fae2a4344e255,False,None
CAe79b073ed8a86bc3de8b10d997f024f4,False,None
CA09fd027ef79f3bc0e631dd4b9cbecece,False,None
CA3caf3a4890c94274652e8d599f0c064c,False,None
CA8a282884bd5462122786650e7aaa2d79,True,15
CAcf81727c3637a68994f09bea4959fdcc,False,None
CA90b0b5870d3fbbf1658b496364a5ba67,True,11
CA3ffc22fa5aa77cf61880f58e2cbcbbed,False,None
CAb2627dd6a6bbd4227173b1c4539d7ccf,False,None
CA455a576061498b33e7c85f7cd06f65ee,False,None
CA3414951ecfc21a80d7ea5e738f5bbe4b,False,None
CA25d113c049085a1d6a9952627f1d3f75,False,None
CA503cc9e9918c3165e09f3271a6d675f7,False,None
CA0951be2aa2b686c16571a87fb62b5aa8,False,None
CAfed0b99f7007a063262806eb6a3b2869,False,None
CA2e556d966fee66bd4c803e33c3958efb,False,None
CAda28ed7c5962070d6722fab38b56bef4,False,None
CA5ca753305803ee4e3232b3c83b1691f3,True,10
CA38b668a0a9d99a129a1d5cbd95654884,False,None
CA8089ee87dbf7ac467212493adcd88d5b,True,9
CA63dd92c8b5ccf7a91d785fa6bfa02d71,False,None
CA31c90539561ba4c666797dab604439b8,True,7
CAd0bf5075c6b27ca52e71681631cf8ca6,True,7
CA32270d3d39e64843fe08bf44534a4f5a,False,None
CA3d431c64d884f0e343aebc276b9b6d94,False,None
CA390d71d598f0b3a7e0e582b07d2d0c17,False,None
CA252bec7b8042356a2f1b869cc6da8173,False,None
CA8fa65fe9b916f14b0985ed52afd96175,False,None
CA6d1e86aadfa1d957cb2f31636c52c184,False,None
CAdf8fdbda3a4dd33e0d9d41c435fc2570,False,None
CAca654fea6ea9bf5d9da7798969d7df67,False,None
CA56b95700fb1660ae63b5f58b26efed9d,False,None
CAc56d3787a4078d988a0b3983afd50f90,True,25
CA3ed47da5735ac7358f78dac3f5dd45c3,False,None
CAd615dfb2ed80e47d161514b588fe52a1,True,9
CAd1a680afaafc0f969d3386ed1fd06ebb,False,None
CA436e80fd935ef20b8e46f52f9bf7954a,False,None
CA499ee85a4ffd69a1ca367c1e6d4a70cb,False,None
CAf8c63a5a737d9232a8e33a0055ce457a,False,None
CA3b3205f3607dbd5e5f3983a33c54225f,False,None
CA21d712f187d44fa45a5171530946e1a4,False,None
CA76c1df0a26bdcc6b96dcceef36cee17a,True,13
CA30e5fbfba4135d715860ed2ad4c1b40e,False,None
CA3f5e65c099e89b3f716fc85ec8cd990e,False,None
CAd6d98ac73a64f9b019067bd00b02806e,False,None
CAe3a9d7da8bbd441edc53fea519f7cb1a,False,None
CAb6fa240715a4a54473b7da4323d8ba89,False,None
CAa14cd1ce51bf9a35889d27df6ebcf465,False,None
CA0df5a902b03f46ebfdc78f9c42b1a012,False,None
CA3b8e6bbc08808390ddc4c8c36fb8ba5f,True,9
CAb4003bc00642dc53e8e272d2000175f1,False,None
CAbb0f909f516431cecaf5e4757773eb7d,False,None
CAff229a05ae5aeb162f2c07183d30af02,False,None
CAb6e34caf714e64c9aff333ea3fc32eed,False,None
CAecca299350bfd7cb13e4ea05aa0303ae,False,None
CAaf3ecb237519c1e495f987f248e9ce4a,False,None
CA93dcb7e9816a9a154b2784d4cce60283,False,None
CA32c51b8b3f7cfe45a3efb4488771de06,False,None
CA43cdd0c490f4e49474dda60800caba77,True,37
CA27bfef0f6e04ba91c67dbac92fdb39c5,False,None
CAf0692acb3c431092552fa2494b0470fd,False,None
CA6259a29285aa203c58b3f11b1c67c179,False,None
CAc90b506243ecf4ef349d94887462ae62,False,None
CA7ea8f5156b6f53d9aa8ff60299d8c9c1,True,17
CA66583bce297b1feff8bb05fd8dc303a9,False,None
CAfb59aa65f8d37d44fba984905c19decd,False,None
CAe66637d4aef6f886b5daf130c5832e4c,False,None
CA2668190b9ce5b210fd34be045e538192,True,15
CAd9c5ef3c6ca34b3dc55fd069bdacb275,False,None
CA2afb86d86838a87626fd15a0db0c5b51,False,None
CAfdf8e1a12a4c25a0ff41459cb14d080c,False,None
CAda1d05b43aea845d060bff125449d399,False,None
CAf76974005117a046605a3706ed1b5e9a,False,None
CA90bbd0c76b75e5ab3164c349daba4563,False,None
CA301db0580df007d8d56de6fc48eb415e,False,None
CAe4ccccd6b4d7e31af70dc761d9a1a910,False,None
CA2a9329744938642efa1d8d1fd308f386,False,None
CA56ff9d46291fcdac40694ce394be1152,False,None
CA7253341b30f0deb0c23c0295435c9720,False,None
CAa56ec1c653ac9f3778748e1911a6bd57,False,None
CA7108326fb3342db0d74ec0f9406eb3f6,False,None
CA0e9124855242aee965b3d75b5108ad28,False,None
CAeac00a9ee581aea183f55b82e594c2d5,False,None
CAc8eabce0dd3b0e96ae18e8e42cc27147,False,None
CA4ea1c4b71bb2e48ad7c04e3867b08dc0,False,None
CA27f8f48839b50b7b8d0f933575f86b44,False,None
CAfa29f8fed439995747580abd9a39cdff,False,None
CAf5c3a8bb6220cb5c0234acc9989f58d1,False,None
CAd5834a3bf7acb9e5b602c34a6526efc2,False,None
CA5cf4c2f2438d8833f5ac6be8ae69e5dd,False,None
CA24b9cbbf5be19319be2ba6af2f603113,False,None
CA127d4e2ffef633351402152201def608,False,None
CA04edfeb8f8422b6fca12d9e0c6ca1861,False,None
CA2d3b93ccfd3b62a52e2719a3748a43d7,False,None
CA55eb059fd1cf49d16f12620923532f3c,False,None
CA920f1be319589af5217158d4a5c91916,False,None
CAa4b049cdce9606a5ee4689d2d02f4e8a,False,None
CA9d96a1de232b36097022c5a161dcecec,False,None
CA19b539b15ac0741baa9a7749bbd12226,False,None
CAe44dd385a4de4787f19babf3971f0200,False,None
CAbd2b22892620b42a515454c400b95d4e,False,None
CA0592db8fa8f6539ae02e1e8bc18afe58,False,None
CAabcd67c5745f6b8e87d48e346ec19ccb,True,9
CAc54aca125a611518944f780c7f98e628,False,None
CA9ad6805ad1024c9ac6cf9ada135e1c97,False,None
CA84ddd8adf61e7b1dcf607d48851dd712,False,None
CAfa72f6becf98f3748dd4870c86892ceb,False,None
CAc61324f54b919fe845686f6c127f55ab,False,None
CA6f305797b5a45a7ac7bd7aa741e3c7ee,False,None
CAd7090c59a31a6432cf6a18bd4a199136,False,None
CA8132ce00e03b12da720dccebcb3b5aed,False,None
CAec7b34ddea54c1bc4649bccc0f55864d,False,None
CAf05c8f254c4d878f56af732f717b8ee3,False,None
CAa310f6c5a8054903ad25cadde6bf2f91,False,None
CA21bce5b4c056b83b47cf1ba09c3c8a7b,False,None
CA56d139f9d14dfe2bfe29643a7295bda7,False,None
CA33e6510659c0679bf6eab34eab586509,False,None
CA3d57bad94db25d2e6f56517c3edf88c2,False,None
CA3c00bd129fd0e4721048b68897c23a08,False,None
CAf99866fe668b6643129593925ace70df,False,None
CA7d46b0aa5b8514171e0dac7e5d6059b0,False,None
CA32089557be7aca82c3c148b400f948ff,False,None
CA21dab96ff6ba164613da840f96fd16c3,False,None
CA8ba8e301f241037f10a03505bbeb4bbd,False,None
CA922768afc51550a5253e7ce296e4130d,False,None
CA9cacb7c60599c1bc930f4423efc06e87,False,None
CAf34f07f0fa94eb4b60eb2d513bc7b243,False,None
CA943205e8a9b94d852cba0798b2dcc196,False,None
CA2b3c78c554c89fd0b9af21d1d598ebe0,False,None
CAe1494fb5f0638084109dc61d74c7e80f,False,None
CA413eb1b70a3c87b1c5f0288e3ea72b29,False,None
CA5bff193b82242d8ac5a331feb2192c4d,False,None
CA3d7044ca82505beb8fac9ab7fb724126,False,None
CA99e1c58a120c3a90dddd6805ac6d7580,False,None
CA3f1d8dac91972083b1f99830e039bf3f,False,None
CAc036c8e6ea108c5eb91eedd9087d243b,False,None
CA8384dba5747c40b048bd64c1a8a2f0c5,False,None
CAde0526408061b1bfe64294e4fc92d817,True,19
CAa84559cd21c15cd57a5c1ed26b0e0051,False,None
CA03b99c324338436380d96ece5bba248b,True,9
CAb5a575591cfbaf24ac936657c5befd47,False,None
CA84e33cc6a9aac5c8ecf41fe25e8be7ce,True,9
CAbfde17aa013e9896ece8102c8813f700,False,None
CA16f2e7ff1215c1b52a509abd7c373732,False,None
CAa481788bab5e4fee93838fec4b49bd59,False,None
